0.100000,6.000000,0.000000,1.000000,-1
0.101585,6.008112,0.017389,0.999849,-1
0.103169,6.016223,0.034814,0.999394,-1
0.104754,6.024335,0.052261,0.998633,-1
0.106338,6.032446,0.069714,0.997567,-1
0.107923,6.040558,0.087156,0.996195,-1
0.109507,6.048670,0.104571,0.994517,-1
0.111092,6.056781,0.121943,0.992537,-1
0.112676,6.064893,0.139257,0.990256,-1
0.114261,6.073004,0.156497,0.987678,-1
0.115846,6.081116,0.173648,0.984808,-1
0.118815,6.088829,0.190746,0.981639,-1
0.121784,6.096542,0.207828,0.978165,-1
0.124753,6.104256,0.224878,0.974387,-1
0.127722,6.111969,0.241881,0.970306,-1
0.130691,6.119682,0.258819,0.965926,-1
0.133660,6.127395,0.275678,0.961250,-1
0.136629,6.135108,0.292443,0.956283,-1
0.139598,6.142822,0.309098,0.951030,-1
0.142567,6.150535,0.325628,0.945498,-1
0.145536,6.158248,0.342020,0.939693,-1
0.149799,6.165328,0.358308,0.933603,-1
0.154063,6.172409,0.374528,0.927216,-1
0.158326,6.179489,0.390662,0.920534,-1
0.162589,6.186570,0.406698,0.913563,-1
0.166853,6.193650,0.422618,0.906308,-1
0.171116,6.200731,0.438409,0.898775,-1
0.175379,6.207811,0.454057,0.890973,-1
0.179643,6.214892,0.469547,0.882908,-1
0.183906,6.221972,0.484865,0.874589,-1
0.188169,6.229053,0.500000,0.866025,-1
0.193597,6.235285,0.514983,0.857200,-1
0.199026,6.241518,0.529847,0.848093,-1
0.204454,6.247750,0.544576,0.838711,-1
0.209882,6.253983,0.559158,0.829061,-1
0.215310,6.260215,0.573576,0.819152,-1
0.220738,6.266448,0.587820,0.808992,-1
0.226166,6.272681,0.601875,0.798591,-1
0.231594,6.278913,0.615729,0.787958,-1
0.237022,6.285146,0.629370,0.777106,-1
0.242450,6.291378,0.642788,0.766044,-1
0.248878,6.296574,0.656011,0.754751,-1
0.255306,6.301769,0.669067,0.743202,-1
0.261734,6.306964,0.681944,0.731405,-1
0.268162,6.312159,0.694628,0.719369,-1
0.274589,6.317355,0.707107,0.707107,-1
0.281017,6.322550,0.719369,0.694628,-1
0.287445,6.327745,0.731405,0.681944,-1
0.293873,6.332941,0.743202,0.669067,-1
0.300301,6.338136,0.754751,0.656011,-1
0.306729,6.343331,0.766044,0.642788,-1
0.313961,6.347332,0.777106,0.629370,-1
0.321194,6.351332,0.787958,0.615729,-1
0.328426,6.355332,0.798591,0.601875,-1
0.335658,6.359332,0.808992,0.587820,-1
0.342891,6.363332,0.819152,0.573576,-1
0.350123,6.367332,0.829061,0.559158,-1
0.357355,6.371333,0.838711,0.544576,-1
0.364588,6.375333,0.848093,0.529847,-1
0.371820,6.379333,0.857200,0.514983,-1
0.379053,6.383333,0.866025,0.500000,-1
0.387112,6.386566,0.872539,0.488545,-1
0.395171,6.389800,0.878910,0.476989,-1
0.403231,6.393033,0.885134,0.465337,-1
0.411290,6.396266,0.891207,0.453596,-1
0.419349,6.399499,0.897127,0.441772,-1
0.427409,6.402733,0.902891,0.429870,-1
0.435468,6.405966,0.908494,0.417898,-1
0.443528,6.409199,0.913935,0.405860,-1
0.451587,6.412432,0.919211,0.393765,-1
0.459646,6.415666,0.924320,0.381618,-1
0.468299,6.418236,0.927995,0.372593,-1
0.476951,6.420806,0.931584,0.363526,-1
0.485604,6.423376,0.935087,0.354419,-1
0.494256,6.425946,0.938502,0.345275,-1
0.502909,6.428516,0.941828,0.336096,-1
0.511561,6.431086,0.945064,0.326885,-1
0.520214,6.433656,0.948210,0.317645,-1
0.528867,6.436226,0.951264,0.308378,-1
0.537519,6.438796,0.954226,0.299087,-1
0.546172,6.441366,0.957095,0.289775,-1
0.555235,6.443391,0.959138,0.282939,-1
0.564298,6.445416,0.961133,0.276086,-1
0.573361,6.447442,0.963079,0.269217,-1
0.582424,6.449467,0.964977,0.262333,-1
0.591488,6.451493,0.966826,0.255435,-1
0.600551,6.453518,0.968626,0.248524,-1
0.609614,6.455543,0.970376,0.241600,-1
0.618677,6.457569,0.972076,0.234666,-1
0.627740,6.459594,0.973726,0.227722,-1
0.636804,6.461619,0.975326,0.220770,-1
0.646152,6.463220,0.976452,0.215737,-1
0.655500,6.464821,0.977551,0.210698,-1
0.664848,6.466422,0.978625,0.205652,-1
0.674197,6.468023,0.979673,0.200600,-1
0.683545,6.469624,0.980695,0.195543,-1
0.692893,6.471225,0.981691,0.190480,-1
0.702242,6.472826,0.982661,0.185413,-1
0.711590,6.474427,0.983604,0.180341,-1
0.720938,6.476028,0.984521,0.175265,-1
0.730286,6.477629,0.985412,0.170186,-1
0.739834,6.478913,0.986029,0.166572,-1
0.749381,6.480197,0.986633,0.162956,-1
0.758929,6.481481,0.987224,0.159338,-1
0.768477,6.482764,0.987802,0.155717,-1
0.778024,6.484048,0.988366,0.152094,-1
0.787572,6.485332,0.988917,0.148469,-1
0.797119,6.486616,0.989455,0.144842,-1
0.806667,6.487899,0.989979,0.141213,-1
0.816214,6.489183,0.990490,0.137583,-1
0.825762,6.490467,0.990988,0.133951,-1
0.835449,6.491522,0.991326,0.131424,-1
0.845137,6.492578,0.991658,0.128896,-1
0.854825,6.493633,0.991984,0.126367,-1
0.864513,6.494689,0.992303,0.123837,-1
0.874200,6.495744,0.992615,0.121306,1
0.883888,6.496800,0.992921,0.118774,1
0.893576,6.497855,0.993221,0.116242,1
0.903263,6.498911,0.993514,0.113709,1
0.912951,6.499966,0.993801,0.111175,1
0.922639,6.501022,0.994081,0.108641,1
0.932425,6.501919,0.994267,0.106926,1
0.942212,6.502817,0.994450,0.105212,1
0.951998,6.503714,0.994630,0.103496,1
0.961785,6.504612,0.994807,0.101781,1
0.971571,6.505510,0.994981,0.100065,1
0.981358,6.506407,0.995152,0.098349,1
0.991144,6.507305,0.995320,0.096632,1
1.000931,6.508202,0.995485,0.094916,1
1.010717,6.509100,0.995648,0.093199,1
1.020504,6.509997,0.995807,0.091481,1
1.030359,6.510790,0.995909,0.090360,1
1.040215,6.511583,0.996010,0.089238,1
1.050070,6.512376,0.996110,0.088117,1
1.059926,6.513169,0.996209,0.086995,1
1.069781,6.513962,0.996306,0.085873,1
1.079637,6.514755,0.996402,0.084751,1
1.089492,6.515548,0.996497,0.083629,1
1.099348,6.516341,0.996591,0.082507,1
1.109203,6.517134,0.996683,0.081384,1
1.119059,6.517927,0.996774,0.080262,1
1.128962,6.518654,0.996830,0.079559,1
1.138865,6.519380,0.996886,0.078855,1
1.148767,6.520107,0.996941,0.078152,1
1.158670,6.520834,0.996996,0.077449,1
1.168573,6.521561,0.997051,0.076745,1
1.178476,6.522288,0.997105,0.076042,1
1.188379,6.523015,0.997158,0.075338,1
1.198282,6.523742,0.997211,0.074635,1
1.208184,6.524469,0.997263,0.073931,1
1.218087,6.525195,0.997315,0.073228,1
1.228022,6.525883,0.997346,0.072811,1
1.237956,6.526571,0.997376,0.072395,1
1.247891,6.527258,0.997406,0.071979,1
1.257825,6.527946,0.997436,0.071562,1
1.267760,6.528634,0.997466,0.071146,1
1.277694,6.529321,0.997496,0.070729,1
1.287628,6.530009,0.997525,0.070313,1
1.297563,6.530697,0.997554,0.069896,1
1.307497,6.531384,0.997583,0.069480,1
1.317432,6.532072,0.997612,0.069063,1
1.327387,6.532739,0.997628,0.068839,1
1.337342,6.533405,0.997643,0.068615,1
1.347298,6.534072,0.997659,0.068391,1
1.357253,6.534739,0.997674,0.068167,1
1.367208,6.535406,0.997689,0.067944,1
1.377163,6.536072,0.997704,0.067720,1
1.387119,6.536739,0.997720,0.067496,1
1.397074,6.537406,0.997735,0.067272,1
1.407029,6.538072,0.997750,0.067048,1
1.416984,6.538739,0.997765,0.066824,1
1.426953,6.539397,0.997771,0.066726,1
1.436921,6.540055,0.997778,0.066628,1
1.446890,6.540713,0.997784,0.066530,1
1.456858,6.541370,0.997791,0.066432,1
1.466827,6.542028,0.997797,0.066334,1
1.476795,6.542686,0.997804,0.066236,1
1.486764,6.543344,0.997810,0.066138,1
1.496732,6.544001,0.997817,0.066040,1
1.506701,6.544659,0.997823,0.065942,1
1.516669,6.545317,0.997830,0.065844,1
1.526646,6.545974,0.997831,0.065826,1
1.536623,6.546630,0.997832,0.065808,1
1.546599,6.547287,0.997834,0.065790,1
1.556576,6.547943,0.997835,0.065771,1
1.566552,6.548600,0.997836,0.065753,1
1.576529,6.549256,0.997837,0.065735,1
1.586506,6.549913,0.997838,0.065717,1
1.596482,6.550569,0.997840,0.065699,1
1.606459,6.551226,0.997841,0.065680,1
1.616435,6.551882,0.997842,0.065662,1
1.626417,6.552536,0.997840,0.065692,1
1.636399,6.553190,0.997838,0.065722,1
1.646380,6.553844,0.997836,0.065752,1
1.656362,6.554497,0.997834,0.065782,1
1.666343,6.555151,0.997832,0.065812,1
1.676325,6.555805,0.997830,0.065842,1
1.686307,6.556459,0.997828,0.065872,1
1.696288,6.557113,0.997826,0.065902,1
1.706270,6.557766,0.997824,0.065931,1
1.716252,6.558420,0.997822,0.065961,1
1.726236,6.559075,0.997818,0.066018,1
1.736220,6.559729,0.997815,0.066075,1
1.746204,6.560383,0.997811,0.066132,1
1.756189,6.561037,0.997807,0.066189,1
1.766173,6.561692,0.997803,0.066246,1
1.776157,6.562346,0.997800,0.066304,1
1.786142,6.563000,0.997796,0.066361,1
1.796126,6.563655,0.997792,0.066418,1
1.806110,6.564309,0.997788,0.066475,1
1.816095,6.564963,0.997784,0.066532,1
1.826080,6.565622,0.997780,0.066602,1
1.836065,6.566281,0.997775,0.066672,1
1.846051,6.566939,0.997770,0.066742,1
1.856036,6.567598,0.997766,0.066813,1
1.866021,6.568257,0.997761,0.066883,1
1.876007,6.568916,0.997756,0.066953,1
1.885992,6.569575,0.997751,0.067024,1
1.895977,6.570233,0.997747,0.067094,1
1.905963,6.570892,0.997742,0.067164,1
1.915948,6.571551,0.997737,0.067234,1
1.925933,6.572216,0.997732,0.067309,1
1.935919,6.572882,0.997727,0.067384,1
1.945904,6.573547,0.997722,0.067458,1
1.955889,6.574212,0.997717,0.067533,1
1.965875,6.574878,0.997712,0.067608,1
1.975860,6.575543,0.997707,0.067682,1
1.985845,6.576209,0.997702,0.067757,1
1.995831,6.576874,0.997697,0.067832,1
2.005816,6.577539,0.997692,0.067906,1
2.015801,6.578205,0.997687,0.067981,1
2.025786,6.578878,0.997682,0.068054,1
2.035771,6.579551,0.997677,0.068128,1
2.045755,6.580224,0.997672,0.068201,1
2.055740,6.580897,0.997667,0.068275,1
2.065725,6.581569,0.997662,0.068348,1
2.075710,6.582242,0.997656,0.068422,1
2.085694,6.582915,0.997651,0.068495,1
2.095679,6.583588,0.997646,0.068569,1
2.105664,6.584261,0.997641,0.068642,1
2.115648,6.584934,0.997636,0.068715,1
2.125632,6.585615,0.997632,0.068785,1
2.135616,6.586296,0.997627,0.068854,1
2.145600,6.586976,0.997622,0.068923,1
2.155583,6.587657,0.997617,0.068992,1
2.165567,6.588338,0.997612,0.069061,1
2.175551,6.589019,0.997608,0.069130,1
2.185535,6.589699,0.997603,0.069199,1
2.195518,6.590380,0.997598,0.069268,1
2.205502,6.591061,0.997593,0.069337,1
2.215486,6.591742,0.997588,0.069406,1
2.225468,6.592430,0.997584,0.069469,1
2.235451,6.593118,0.997580,0.069532,1
2.245434,6.593806,0.997575,0.069595,1
2.255416,6.594494,0.997571,0.069658,1
2.265399,6.595183,0.997567,0.069721,1
2.275382,6.595871,0.997562,0.069784,1
2.285364,6.596559,0.997558,0.069847,1
2.295347,6.597247,0.997553,0.069910,1
2.305329,6.597935,0.997549,0.069973,1
2.315312,6.598624,0.997544,0.070036,1
2.325293,6.599319,0.997541,0.070092,1
2.335275,6.600014,0.997537,0.070148,1
2.345256,6.600709,0.997533,0.070205,1
2.355238,6.601404,0.997529,0.070261,1
2.365219,6.602099,0.997525,0.070317,1
2.375201,6.602794,0.997521,0.070373,1
2.385182,6.603490,0.997517,0.070429,1
2.395164,6.604185,0.997513,0.070486,1
2.405145,6.604880,0.997509,0.070542,1
2.415127,6.605575,0.997505,0.070598,1
2.425107,6.606276,0.997501,0.070647,1
2.435087,6.606978,0.997498,0.070697,1
2.445068,6.607679,0.997494,0.070746,1
2.455048,6.608381,0.997491,0.070795,1
2.465028,6.609082,0.997487,0.070845,1
2.475009,6.609783,0.997484,0.070894,1
2.484989,6.610485,0.997480,0.070943,1
2.494969,6.611186,0.997477,0.070993,1
2.504950,6.611888,0.997473,0.071042,1
2.514930,6.612589,0.997470,0.071092,1
2.524909,6.613296,0.997467,0.071134,1
2.534888,6.614003,0.997464,0.071177,1
2.544868,6.614710,0.997461,0.071220,1
2.554847,6.615417,0.997458,0.071263,1
2.564826,6.616124,0.997455,0.071306,1
2.574806,6.616831,0.997451,0.071348,1
2.584785,6.617537,0.997448,0.071391,1
2.594764,6.618244,0.997445,0.071434,1
2.604743,6.618951,0.997442,0.071477,1
2.614723,6.619658,0.997439,0.071520,1
2.624701,6.620370,0.997437,0.071556,1
2.634679,6.621082,0.997434,0.071593,1
2.644658,6.621794,0.997431,0.071630,1
2.654636,6.622505,0.997429,0.071667,1
2.664614,6.623217,0.997426,0.071704,1
2.674593,6.623929,0.997423,0.071740,1
2.684571,6.624641,0.997421,0.071777,1
2.694549,6.625353,0.997418,0.071814,1
2.704528,6.626064,0.997415,0.071851,1
2.714506,6.626776,0.997413,0.071887,1
2.724484,6.627492,0.997410,0.071919,1
2.734461,6.628208,0.997408,0.071950,1
2.744439,6.628924,0.997406,0.071982,1
2.754416,6.629640,0.997404,0.072013,1
2.764394,6.630356,0.997401,0.072044,1
2.774371,6.631072,0.997399,0.072076,1
2.784348,6.631788,0.997397,0.072107,1
2.794326,6.632504,0.997395,0.072138,1
2.804303,6.633220,0.997392,0.072170,1
2.814281,6.633936,0.997390,0.072201,1
2.824258,6.634655,0.997388,0.072228,1
2.834234,6.635375,0.997386,0.072254,1
2.844211,6.636094,0.997384,0.072281,1
2.854188,6.636814,0.997382,0.072308,1
2.864165,6.637534,0.997380,0.072334,1
2.874141,6.638253,0.997379,0.072361,1
2.884118,6.638973,0.997377,0.072387,1
2.894095,6.639692,0.997375,0.072414,1
2.904072,6.640412,0.997373,0.072440,1
2.914048,6.641131,0.997371,0.072467,1
2.924025,6.641854,0.997369,0.072489,1
2.934001,6.642576,0.997368,0.072512,1
2.943977,6.643299,0.997366,0.072534,1
2.953953,6.644022,0.997364,0.072557,1
2.963929,6.644744,0.997363,0.072579,1
2.973905,6.645467,0.997361,0.072602,1
2.983881,6.646189,0.997359,0.072624,1
2.993857,6.646912,0.997358,0.072647,1
3.003834,6.647635,0.997356,0.072669,1
3.013810,6.648357,0.997354,0.072691,1
3.023785,6.649082,0.997353,0.072710,1
3.033761,6.649807,0.997352,0.072729,1
3.043736,6.650533,0.997350,0.072748,1
3.053712,6.651258,0.997349,0.072767,1
3.063687,6.651983,0.997348,0.072786,1
3.073663,6.652708,0.997346,0.072804,1
3.083639,6.653433,0.997345,0.072823,1
3.093614,6.654158,0.997343,0.072842,1
3.103590,6.654884,0.997342,0.072861,1
3.113565,6.655609,0.997341,0.072880,1
3.123540,6.656336,0.997340,0.072896,1
3.133515,6.657063,0.997338,0.072911,1
3.143491,6.657791,0.997337,0.072927,1
3.153466,6.658518,0.997336,0.072943,1
3.163441,6.659245,0.997335,0.072959,1
3.173416,6.659973,0.997334,0.072975,1
3.183391,6.660700,0.997333,0.072990,1
3.193366,6.661427,0.997331,0.073006,1
3.203341,6.662155,0.997330,0.073022,1
3.213316,6.662882,0.997329,0.073038,1
3.223291,6.663611,0.997328,0.073051,1
3.233266,6.664340,0.997327,0.073064,1
3.243240,6.665070,0.997326,0.073077,1
3.253215,6.665799,0.997325,0.073091,1
3.263190,6.666528,0.997324,0.073104,1
3.273165,6.667257,0.997323,0.073117,1
3.283139,6.667986,0.997322,0.073130,1
3.293114,6.668715,0.997321,0.073143,1
3.303089,6.669445,0.997320,0.073157,1
3.313063,6.670174,0.997319,0.073170,1
3.323038,6.670904,0.997319,0.073181,1
3.333012,6.671635,0.997318,0.073192,1
3.342987,6.672366,0.997317,0.073203,1
3.352961,6.673096,0.997316,0.073214,1
3.362935,6.673827,0.997315,0.073225,1
3.372910,6.674558,0.997315,0.073236,1
3.382884,6.675288,0.997314,0.073247,1
3.392858,6.676019,0.997313,0.073258,1
3.402833,6.676750,0.997312,0.073269,1
3.412807,6.677480,0.997311,0.073280,1
3.422781,6.678212,0.997311,0.073289,1
3.432755,6.678944,0.997310,0.073299,1
3.442729,6.679676,0.997309,0.073308,1
3.452704,6.680408,0.997309,0.073317,1
3.462678,6.681140,0.997308,0.073326,1
3.472652,6.681872,0.997307,0.073335,1
3.482626,6.682604,0.997307,0.073344,1
3.492600,6.683336,0.997306,0.073354,1
3.502574,6.684068,0.997305,0.073363,1
3.512548,6.684800,0.997305,0.073372,1
3.522522,6.685533,0.997304,0.073380,1
3.532496,6.686266,0.997304,0.073387,1
3.542470,6.686999,0.997303,0.073395,1
3.552444,6.687732,0.997302,0.073403,1
3.562418,6.688465,0.997302,0.073410,1
3.572391,6.689198,0.997301,0.073418,1
3.582365,6.689931,0.997301,0.073426,1
3.592339,6.690664,0.997300,0.073433,1
3.602313,6.691397,0.997300,0.073441,1
3.612287,6.692130,0.997299,0.073449,1
3.622261,6.692864,0.997299,0.073455,1
3.632234,6.693598,0.997298,0.073461,1
3.642208,6.694332,0.997298,0.073468,1
3.652182,6.695066,0.997297,0.073474,1
3.662155,6.695800,0.997297,0.073481,1
3.672129,6.696533,0.997296,0.073487,1
3.682103,6.697267,0.997296,0.073493,1
3.692076,6.698001,0.997295,0.073500,1
3.702050,6.698735,0.997295,0.073506,1
3.712024,6.699469,0.997294,0.073513,1
3.721997,6.700204,0.997294,0.073518,1
3.731971,6.700938,0.997294,0.073523,1
3.741944,6.701673,0.997293,0.073528,1
3.751918,6.702408,0.997293,0.073534,1
3.761891,6.703142,0.997292,0.073539,1
3.771865,6.703877,0.997292,0.073544,1
3.781838,6.704611,0.997292,0.073550,1
3.791812,6.705346,0.997291,0.073555,1
3.801785,6.706081,0.997291,0.073560,1
3.811759,6.706815,0.997290,0.073566,1
3.821732,6.707551,0.997290,0.073570,1
3.831706,6.708286,0.997290,0.073575,1
3.841679,6.709021,0.997289,0.073579,1
3.851652,6.709756,0.997289,0.073584,1
3.861626,6.710492,0.997289,0.073588,1
3.871599,6.711227,0.997288,0.073592,1
3.881572,6.711962,0.997288,0.073597,1
3.891546,6.712697,0.997288,0.073601,1
3.901519,6.713433,0.997287,0.073606,1
3.911493,6.714168,0.997287,0.073610,1
3.921466,6.714904,0.997287,0.073614,1
3.931439,6.715639,0.997287,0.073618,1
3.941412,6.716375,0.997286,0.073621,1
3.951386,6.717111,0.997286,0.073625,1
3.961359,6.717847,0.997286,0.073629,1
3.971332,6.718582,0.997285,0.073632,1
3.981305,6.719318,0.997285,0.073636,1
3.991279,6.720054,0.997285,0.073640,1
4.001252,6.720790,0.997285,0.073644,1
4.011225,6.721525,0.997284,0.073647,1
4.021198,6.722262,0.997284,0.073650,1
4.031172,6.722998,0.997284,0.073654,1
4.041145,6.723734,0.997284,0.073657,1
4.051118,6.724470,0.997283,0.073660,1
4.061091,6.725206,0.997283,0.073663,1
4.071064,6.725942,0.997283,0.073666,1
4.081038,6.726679,0.997283,0.073669,1
4.091011,6.727415,0.997283,0.073672,1
4.100984,6.728151,0.997282,0.073675,1
4.110957,6.728887,0.997282,0.073678,1
4.120930,6.729624,0.997282,0.073681,1
4.130903,6.730360,0.997282,0.073684,1
4.140876,6.731097,0.997281,0.073686,1
4.150849,6.731833,0.997281,0.073689,1
4.160823,6.732570,0.997281,0.073691,1
4.170796,6.733306,0.997281,0.073694,1
4.180769,6.734043,0.997281,0.073697,1
4.190742,6.734780,0.997281,0.073699,1
4.200715,6.735516,0.997280,0.073702,1
4.210688,6.736253,0.997280,0.073705,1
4.220661,6.736989,0.997280,0.073707,1
4.230634,6.737726,0.997280,0.073709,1
4.240607,6.738463,0.997280,0.073711,1
4.250580,6.739200,0.997279,0.073713,1
4.260553,6.739937,0.997279,0.073716,1
4.270526,6.740674,0.997279,0.073718,1
4.280499,6.741411,0.997279,0.073720,1
4.290472,6.742147,0.997279,0.073722,1
4.300445,6.742884,0.997279,0.073724,1
4.310418,6.743621,0.997278,0.073727,1
4.320391,6.744358,0.997278,0.073728,1
4.330364,6.745095,0.997278,0.073730,1
4.340337,6.745832,0.997278,0.073732,1
4.350310,6.746569,0.997278,0.073734,1
4.360283,6.747307,0.997278,0.073736,1
4.370256,6.748044,0.997278,0.073738,1
4.380229,6.748781,0.997278,0.073740,1
4.390202,6.749518,0.997277,0.073741,1
4.400175,6.750255,0.997277,0.073743,1
4.410148,6.750992,0.997277,0.073745,1
4.420121,6.751729,0.997277,0.073747,1
4.430094,6.752467,0.997277,0.073748,1
4.440067,6.753204,0.997277,0.073750,1
4.450040,6.753941,0.997277,0.073752,1
4.460013,6.754679,0.997277,0.073753,1
4.469986,6.755416,0.997276,0.073755,1
4.479959,6.756153,0.997276,0.073756,1
4.489932,6.756890,0.997276,0.073758,1
4.499905,6.757628,0.997276,0.073759,1
4.509878,6.758365,0.997276,0.073761,1
4.519851,6.759103,0.997276,0.073762,1
4.529824,6.759840,0.997276,0.073764,1
4.539796,6.760577,0.997276,0.073765,1
4.549769,6.761315,0.997276,0.073766,1
4.559742,6.762052,0.997275,0.073768,1
4.569715,6.762790,0.997275,0.073769,1
4.579688,6.763527,0.997275,0.073771,1
4.589661,6.764265,0.997275,0.073772,1
4.599634,6.765002,0.997275,0.073773,1
4.609607,6.765740,0.997275,0.073775,1
4.619580,6.766478,0.997275,0.073776,1
4.629553,6.767215,0.997275,0.073777,1
4.639525,6.767953,0.997275,0.073778,1
4.649498,6.768690,0.997275,0.073779,1
4.659471,6.769428,0.997275,0.073780,1
4.669444,6.770166,0.997274,0.073782,1
4.679417,6.770903,0.997274,0.073783,1
4.689390,6.771641,0.997274,0.073784,1
4.699363,6.772379,0.997274,0.073785,1
4.709336,6.773116,0.997274,0.073786,1
4.719308,6.773854,0.997274,0.073787,1
4.729281,6.774592,0.997274,0.073788,1
4.739254,6.775330,0.997274,0.073789,1
4.749227,6.776067,0.997274,0.073790,1
4.759200,6.776805,0.997274,0.073791,1
4.769173,6.777543,0.997274,0.073792,1
4.779145,6.778281,0.997274,0.073793,1
4.789118,6.779018,0.997273,0.073794,1
4.799091,6.779756,0.997273,0.073795,1
4.809064,6.780494,0.997273,0.073796,1
4.819037,6.781232,0.997273,0.073797,1
4.829010,6.781970,0.997273,0.073798,1
4.838983,6.782708,0.997273,0.073799,1
4.848955,6.783445,0.997273,0.073800,1
4.858928,6.784183,0.997273,0.073801,1
4.868901,6.784921,0.997273,0.073802,1
4.878874,6.785659,0.997273,0.073803,1
4.888847,6.786397,0.997273,0.073804,1
4.898819,6.787135,0.997273,0.073805,1
4.908792,6.787873,0.997273,0.073805,1
4.918765,6.788611,0.997273,0.073806,1
4.928738,6.789349,0.997273,0.073807,1
4.938711,6.790087,0.997272,0.073808,1
4.948684,6.790825,0.997272,0.073809,1
4.958656,6.791563,0.997272,0.073810,1
4.968629,6.792301,0.997272,0.073810,1
4.978602,6.793039,0.997272,0.073811,1
4.988575,6.793777,0.997272,0.073812,1
4.998548,6.794515,0.997272,0.073813,1
5.008520,6.795253,0.997272,0.073814,1
5.018493,6.795991,0.997272,0.073814,1
5.028466,6.796729,0.997272,0.073815,1
5.038439,6.797467,0.997272,0.073816,1
5.048412,6.798205,0.997272,0.073816,1
5.058384,6.798943,0.997272,0.073817,1
5.068357,6.799681,0.997272,0.073818,1
5.078330,6.800419,0.997272,0.073819,1
5.088303,6.801157,0.997272,0.073819,1
5.098276,6.801895,0.997272,0.073820,1
5.108248,6.802633,0.997272,0.073821,1
5.118221,6.803371,0.997271,0.073822,1
5.128194,6.804110,0.997271,0.073822,1
5.138167,6.804848,0.997271,0.073823,1
5.148140,6.805586,0.997271,0.073824,1
5.158112,6.806324,0.997271,0.073824,1
5.168085,6.807062,0.997271,0.073825,1
5.178058,6.807800,0.997271,0.073826,1
5.188031,6.808538,0.997271,0.073826,1
5.198004,6.809277,0.997271,0.073827,1
5.207976,6.810015,0.997271,0.073828,1
5.217949,6.810753,0.997271,0.073828,1
5.227922,6.811491,0.997271,0.073829,1
5.237895,6.812229,0.997271,0.073830,1
5.247867,6.812968,0.997271,0.073830,1
5.257840,6.813706,0.997271,0.073831,1
5.267813,6.814444,0.997271,0.073832,1
5.277786,6.815182,0.997271,0.073832,1
5.287759,6.815920,0.997271,0.073833,1
5.297731,6.816659,0.997271,0.073834,1
5.307704,6.817397,0.997271,0.073834,1
5.317677,6.818135,0.997270,0.073835,1
5.327650,6.818873,0.997270,0.073836,1
5.337622,6.819612,0.997270,0.073837,1
5.347595,6.820350,0.997270,0.073837,1
5.357568,6.821088,0.997270,0.073838,1
5.367541,6.821827,0.997270,0.073839,1
5.377514,6.822565,0.997270,0.073839,1
5.387486,6.823303,0.997270,0.073840,1
5.397459,6.824041,0.997270,0.073841,1
5.407432,6.824780,0.997270,0.073841,1
5.417405,6.825518,0.997270,0.073842,1
5.427378,6.826256,0.997270,0.073843,1
5.437350,6.826995,0.997270,0.073844,1
5.447323,6.827733,0.997270,0.073845,1
5.457296,6.828471,0.997270,0.073845,1
5.467269,6.829210,0.997270,0.073846,1
5.477241,6.829948,0.997270,0.073847,1
5.487214,6.830686,0.997270,0.073848,1
5.497187,6.831425,0.997269,0.073848,1
5.507160,6.832163,0.997269,0.073849,1
5.517133,6.832901,0.997269,0.073850,1
5.527105,6.833640,0.997269,0.073851,1
5.537078,6.834378,0.997269,0.073852,1
5.547051,6.835117,0.997269,0.073853,1
5.557024,6.835855,0.997269,0.073854,1
5.566997,6.836593,0.997269,0.073855,1
5.576969,6.837332,0.997269,0.073857,1
5.586942,6.838070,0.997269,0.073858,1
5.596915,6.838809,0.997269,0.073859,1
5.606888,6.839547,0.997269,0.073860,1
5.616861,6.840285,0.997268,0.073862,1
5.626834,6.841024,0.997268,0.073864,1
5.636807,6.841762,0.997268,0.073867,1
5.646780,6.842501,0.997268,0.073869,1
5.656753,6.843239,0.997268,0.073872,1
5.666726,6.843977,0.997268,0.073874,1
5.676698,6.844716,0.997267,0.073877,1
5.686671,6.845454,0.997267,0.073879,1
5.696644,6.846192,0.997267,0.073881,1
5.706617,6.846931,0.997267,0.073884,1
5.718162,6.847787,0.997267,0.073881,1
5.729706,6.848644,0.997267,0.073878,1
5.741251,6.849500,0.997268,0.073874,1
5.752795,6.850357,0.997268,0.073871,1
5.764340,6.851213,0.997268,0.073868,1
5.775884,6.852070,0.997268,0.073865,1
5.787429,6.852926,0.997268,0.073862,1
5.798973,6.853782,0.997269,0.073859,1
5.810518,6.854639,0.997269,0.073856,1
5.822062,6.855495,0.997269,0.073853,1
5.832035,6.856234,0.997269,0.073852,1
5.842007,6.856972,0.997269,0.073851,1
5.851980,6.857711,0.997269,0.073850,1
5.861952,6.858449,0.997269,0.073849,1
5.871925,6.859188,0.997270,0.073848,1
5.881898,6.859926,0.997270,0.073847,1
5.891870,6.860665,0.997270,0.073846,1
5.901843,6.861403,0.997270,0.073845,1
5.911815,6.862142,0.997270,0.073844,1
5.921788,6.862881,0.997270,0.073843,1
5.931761,6.863619,0.997270,0.073842,1
5.941733,6.864357,0.997270,0.073841,1
5.951706,6.865096,0.997270,0.073840,1
5.961678,6.865834,0.997270,0.073840,1
5.971651,6.866573,0.997270,0.073839,1
5.981624,6.867311,0.997270,0.073838,1
5.991596,6.868049,0.997270,0.073837,1
6.001569,6.868788,0.997270,0.073836,1
6.011542,6.869526,0.997270,0.073835,1
6.021514,6.870265,0.997271,0.073835,1
6.031487,6.871003,0.997271,0.073834,1
6.041459,6.871741,0.997271,0.073833,1
6.051432,6.872480,0.997271,0.073832,1
6.061405,6.873218,0.997271,0.073831,1
6.071377,6.873956,0.997271,0.073831,1
6.081350,6.874695,0.997271,0.073830,1
6.091323,6.875433,0.997271,0.073829,1
6.101295,6.876171,0.997271,0.073828,1
6.111268,6.876910,0.997271,0.073827,1
6.121240,6.877648,0.997271,0.073827,1
6.131213,6.878386,0.997271,0.073826,1
6.141186,6.879125,0.997271,0.073825,1
6.151158,6.879863,0.997271,0.073824,1
6.161131,6.880601,0.997271,0.073823,1
6.171104,6.881339,0.997271,0.073822,1
6.181076,6.882078,0.997271,0.073821,1
6.191049,6.882816,0.997272,0.073821,1
6.201021,6.883554,0.997272,0.073820,1
6.210994,6.884292,0.997272,0.073819,1
6.220967,6.885031,0.997272,0.073818,1
6.230939,6.885769,0.997272,0.073817,1
6.240912,6.886507,0.997272,0.073816,1
6.250885,6.887245,0.997272,0.073815,1
6.260857,6.887983,0.997272,0.073814,1
6.270830,6.888722,0.997272,0.073813,1
6.280802,6.889460,0.997272,0.073813,1
6.290775,6.890198,0.997272,0.073812,1
6.300748,6.890936,0.997272,0.073811,1
6.310720,6.891674,0.997272,0.073810,1
6.320693,6.892412,0.997272,0.073809,1
6.330666,6.893151,0.997272,0.073808,1
6.340638,6.893889,0.997273,0.073807,1
6.350611,6.894627,0.997273,0.073806,1
6.360583,6.895365,0.997273,0.073805,1
6.370556,6.896103,0.997273,0.073804,1
6.380529,6.896841,0.997273,0.073802,1
6.390501,6.897579,0.997273,0.073801,1
6.400474,6.898317,0.997273,0.073800,1
6.410446,6.899055,0.997273,0.073799,1
6.420419,6.899793,0.997273,0.073798,1
6.430392,6.900531,0.997273,0.073797,1
6.440364,6.901269,0.997273,0.073796,1
6.450337,6.902007,0.997273,0.073795,1
6.460310,6.902745,0.997274,0.073793,1
6.470282,6.903483,0.997274,0.073792,1
6.480255,6.904221,0.997274,0.073791,1
6.490227,6.904959,0.997274,0.073790,1
6.500200,6.905697,0.997274,0.073788,1
6.510173,6.906435,0.997274,0.073787,1
6.520145,6.907173,0.997274,0.073786,1
6.530118,6.907911,0.997274,0.073784,1
6.540090,6.908649,0.997274,0.073783,1
6.550063,6.909387,0.997274,0.073782,1
6.560036,6.910124,0.997275,0.073780,1
6.570008,6.910862,0.997275,0.073779,1
6.579981,6.911600,0.997275,0.073777,1
6.589953,6.912338,0.997275,0.073776,1
6.599926,6.913076,0.997275,0.073774,1
6.609899,6.913814,0.997275,0.073773,1
6.619871,6.914552,0.997275,0.073771,1
6.629844,6.915289,0.997275,0.073769,1
6.639816,6.916027,0.997275,0.073768,1
6.649789,6.916765,0.997276,0.073766,1
6.659761,6.917502,0.997276,0.073764,1
6.669734,6.918240,0.997276,0.073762,1
6.679707,6.918978,0.997276,0.073761,1
6.689679,6.919715,0.997276,0.073759,1
6.699652,6.920453,0.997276,0.073757,1
6.709624,6.921191,0.997276,0.073755,1
6.719597,6.921929,0.997276,0.073754,1
6.729569,6.922666,0.997277,0.073751,1
6.739542,6.923404,0.997277,0.073749,1
6.749515,6.924141,0.997277,0.073747,1
6.759487,6.924879,0.997277,0.073745,1
6.769460,6.925616,0.997277,0.073743,1
6.779432,6.926354,0.997277,0.073741,1
6.789405,6.927091,0.997278,0.073738,1
6.799377,6.927829,0.997278,0.073736,1
6.809350,6.928566,0.997278,0.073734,1
6.819322,6.929304,0.997278,0.073732,1
6.829295,6.930041,0.997278,0.073729,1
6.839267,6.930778,0.997278,0.073727,1
6.849240,6.931516,0.997279,0.073724,1
6.859212,6.932253,0.997279,0.073721,1
6.869185,6.932990,0.997279,0.073719,1
6.879157,6.933728,0.997279,0.073716,1
6.889130,6.934465,0.997279,0.073713,1
6.899102,6.935202,0.997280,0.073711,1
6.909075,6.935939,0.997280,0.073708,1
6.919048,6.936677,0.997280,0.073705,1
6.929020,6.937414,0.997280,0.073702,1
6.938992,6.938151,0.997281,0.073699,1
6.948965,6.938888,0.997281,0.073695,1
6.958937,6.939625,0.997281,0.073692,1
6.968910,6.940362,0.997281,0.073689,1
6.978882,6.941099,0.997282,0.073686,1
6.988855,6.941836,0.997282,0.073682,1
6.998827,6.942573,0.997282,0.073679,1
7.008800,6.943310,0.997282,0.073676,1
7.018772,6.944047,0.997283,0.073672,1
7.028745,6.944784,0.997283,0.073668,1
7.038717,6.945520,0.997283,0.073664,1
7.048689,6.946257,0.997283,0.073660,1
7.058662,6.946994,0.997284,0.073656,1
7.068634,6.947730,0.997284,0.073652,1
7.078607,6.948467,0.997284,0.073647,1
7.088579,6.949204,0.997285,0.073643,1
7.098551,6.949941,0.997285,0.073639,1
7.108524,6.950677,0.997285,0.073635,1
7.118496,6.951414,0.997286,0.073631,1
7.128469,6.952150,0.997286,0.073626,1
7.138441,6.952886,0.997286,0.073620,1
7.148413,6.953623,0.997287,0.073615,1
7.158386,6.954359,0.997287,0.073610,1
7.168358,6.955095,0.997287,0.073605,1
7.178330,6.955832,0.997288,0.073600,1
7.188303,6.956568,0.997288,0.073594,1
7.198275,6.957304,0.997289,0.073589,1
7.208247,6.958040,0.997289,0.073584,1
7.218220,6.958777,0.997289,0.073579,1
7.228192,6.959512,0.997290,0.073572,1
7.238164,6.960248,0.997290,0.073566,1
7.248136,6.960984,0.997291,0.073559,1
7.258109,6.961720,0.997291,0.073552,1
7.268081,6.962455,0.997292,0.073546,1
7.278053,6.963191,0.997292,0.073539,1
7.288025,6.963927,0.997293,0.073533,1
7.297998,6.964663,0.997293,0.073526,1
7.307970,6.965398,0.997294,0.073519,1
7.317942,6.966134,0.997294,0.073513,1
7.327914,6.966869,0.997295,0.073504,1
7.337886,6.967604,0.997296,0.073496,1
7.347858,6.968339,0.997296,0.073488,1
7.357830,6.969074,0.997297,0.073479,1
7.367803,6.969809,0.997297,0.073471,1
7.377775,6.970544,0.997298,0.073463,1
7.387747,6.971279,0.997299,0.073454,1
7.397719,6.972015,0.997299,0.073446,1
7.407691,6.972750,0.997300,0.073437,1
7.417663,6.973485,0.997300,0.073429,1
7.427635,6.974219,0.997301,0.073418,1
7.437607,6.974953,0.997302,0.073408,1
7.447579,6.975687,0.997303,0.073397,1
7.457551,6.976422,0.997304,0.073386,1
7.467523,6.977156,0.997304,0.073376,1
7.477495,6.977890,0.997305,0.073365,1
7.487467,6.978624,0.997306,0.073354,1
7.497439,6.979358,0.997307,0.073344,1
7.507410,6.980093,0.997308,0.073333,1
7.517382,6.980827,0.997308,0.073322,1
7.527354,6.981560,0.997309,0.073309,1
7.537326,6.982293,0.997310,0.073295,1
7.547298,6.983026,0.997311,0.073281,1
7.557269,6.983759,0.997312,0.073268,1
7.567241,6.984492,0.997313,0.073254,1
7.577213,6.985226,0.997314,0.073240,1
7.587184,6.985959,0.997315,0.073227,1
7.597156,6.986692,0.997316,0.073213,1
7.607128,6.987425,0.997317,0.073199,1
7.617100,6.988158,0.997318,0.073186,1
7.627071,6.988890,0.997320,0.073168,1
7.637042,6.989621,0.997321,0.073150,1
7.647014,6.990353,0.997322,0.073133,1
7.656985,6.991085,0.997323,0.073115,1
7.666957,6.991817,0.997325,0.073098,1
7.676928,6.992548,0.997326,0.073080,1
7.686900,6.993280,0.997327,0.073063,1
7.696871,6.994012,0.997329,0.073045,1
7.706842,6.994744,0.997330,0.073028,1
7.716814,6.995475,0.997331,0.073010,1
7.726785,6.996205,0.997333,0.072987,1
7.736756,6.996935,0.997335,0.072965,1
7.746727,6.997665,0.997336,0.072942,1
7.756698,6.998395,0.997338,0.072920,1
7.766669,6.999125,0.997339,0.072897,1
7.776640,6.999855,0.997341,0.072875,1
7.786611,7.000585,0.997343,0.072852,1
7.796582,7.001315,0.997344,0.072829,1
7.806553,7.002045,0.997346,0.072807,1
7.816524,7.002775,0.997348,0.072784,1
7.826495,7.003502,0.997350,0.072755,1
7.836466,7.004230,0.997352,0.072726,1
7.846436,7.004958,0.997354,0.072697,1
7.856407,7.005685,0.997356,0.072668,1
7.866377,7.006413,0.997358,0.072638,1
7.876348,7.007140,0.997360,0.072609,1
7.886318,7.007868,0.997363,0.072580,1
7.896289,7.008596,0.997365,0.072551,1
7.906259,7.009323,0.997367,0.072522,1
7.916230,7.010051,0.997369,0.072493,1
7.926200,7.010776,0.997372,0.072455,1
7.936170,7.011500,0.997374,0.072417,1
7.946140,7.012225,0.997377,0.072380,1
7.956110,7.012950,0.997380,0.072342,1
7.966080,7.013674,0.997383,0.072304,1
7.976050,7.014399,0.997385,0.072267,1
7.986019,7.015124,0.997388,0.072229,1
7.995989,7.015848,0.997391,0.072191,1
8.005959,7.016573,0.997394,0.072154,1
8.015929,7.017297,0.997396,0.072116,1
8.025898,7.018018,0.997400,0.072067,1
8.035867,7.018739,0.997403,0.072019,1
8.045837,7.019460,0.997407,0.071970,1
8.055806,7.020181,0.997410,0.071921,1
8.065775,7.020902,0.997414,0.071872,1
8.075744,7.021622,0.997417,0.071823,1
8.085713,7.022343,0.997421,0.071775,1
8.095682,7.023064,0.997424,0.071726,1
8.105651,7.023785,0.997428,0.071677,1
8.115620,7.024506,0.997431,0.071628,1
8.125588,7.025221,0.997436,0.071565,1
8.135556,7.025937,0.997440,0.071502,1
8.145524,7.026653,0.997445,0.071438,1
8.155492,7.027369,0.997450,0.071375,1
8.165460,7.028085,0.997454,0.071312,1
8.175428,7.028801,0.997459,0.071248,1
8.185396,7.029516,0.997463,0.071185,1
8.195364,7.030232,0.997468,0.071122,1
8.205332,7.030948,0.997472,0.071058,1
8.215300,7.031664,0.997477,0.070995,1
8.225266,7.032373,0.997483,0.070913,1
8.235233,7.033083,0.997488,0.070830,1
8.245200,7.033792,0.997494,0.070748,1
8.255166,7.034501,0.997500,0.070666,1
8.265133,7.035211,0.997506,0.070584,1
8.275099,7.035920,0.997512,0.070501,1
8.285066,7.036629,0.997517,0.070419,1
8.295032,7.037339,0.997523,0.070337,1
8.304999,7.038048,0.997529,0.070254,1
8.314965,7.038758,0.997535,0.070172,1
8.324930,7.039459,0.997542,0.070065,1
8.334895,7.040160,0.997550,0.069958,1
8.344859,7.040860,0.997557,0.069851,1
8.354824,7.041561,0.997565,0.069744,1
8.364788,7.042262,0.997572,0.069637,1
8.374753,7.042963,0.997580,0.069529,1
8.384718,7.043664,0.997587,0.069422,1
8.394682,7.044365,0.997595,0.069315,1
8.404647,7.045066,0.997602,0.069208,1
8.414612,7.045767,0.997610,0.069101,1
8.424574,7.046457,0.997619,0.068961,1
8.434536,7.047147,0.997629,0.068822,1
8.444498,7.047837,0.997639,0.068682,1
8.454460,7.048528,0.997648,0.068543,1
8.464422,7.049218,0.997658,0.068403,1
8.474384,7.049908,0.997667,0.068263,1
8.484347,7.050598,0.997677,0.068124,1
8.494309,7.051288,0.997686,0.067984,1
8.504271,7.051978,0.997696,0.067845,1
8.514233,7.052668,0.997705,0.067705,1
8.524192,7.053344,0.997718,0.067523,1
8.534151,7.054019,0.997730,0.067341,1
8.544110,7.054695,0.997742,0.067158,1
8.554068,7.055371,0.997755,0.066976,1
8.564027,7.056047,0.997767,0.066794,1
8.573986,7.056723,0.997779,0.066612,1
8.583945,7.057399,0.997791,0.066430,1
8.593904,7.058074,0.997803,0.066248,1
8.603863,7.058750,0.997815,0.066065,1
8.613821,7.059426,0.997827,0.065883,1
8.623776,7.060083,0.997843,0.065645,1
8.633730,7.060741,0.997859,0.065407,1
8.643685,7.061398,0.997874,0.065169,1
8.653639,7.062055,0.997890,0.064931,1
8.663594,7.062713,0.997905,0.064693,1
8.673548,7.063370,0.997921,0.064455,1
8.683503,7.064027,0.997936,0.064217,1
8.693457,7.064684,0.997951,0.063979,1
8.703412,7.065342,0.997966,0.063741,1
8.713366,7.065999,0.997982,0.063503,1
8.723315,7.066632,0.998001,0.063192,1
8.733263,7.067265,0.998021,0.062880,1
8.743212,7.067898,0.998041,0.062569,1
8.753161,7.068531,0.998060,0.062258,1
8.763110,7.069165,0.998079,0.061946,1
8.773058,7.069798,0.998099,0.061635,1
8.783007,7.070431,0.998118,0.061324,1
8.792956,7.071064,0.998137,0.061013,1
8.802904,7.071697,0.998156,0.060701,1
8.812853,7.072330,0.998175,0.060390,1
8.822794,7.072932,0.998199,0.059982,1
8.832735,7.073533,0.998224,0.059575,1
8.842676,7.074135,0.998248,0.059167,1
8.852617,7.074736,0.998272,0.058760,1
8.862558,7.075338,0.998296,0.058352,1
8.872499,7.075939,0.998320,0.057945,1
8.882440,7.076541,0.998343,0.057537,1
8.892381,7.077142,0.998367,0.057129,1
8.902322,7.077744,0.998390,0.056722,1
8.912263,7.078345,0.998413,0.056314,1
8.922194,7.078905,0.998443,0.055780,1
8.932124,7.079466,0.998473,0.055246,1
8.942055,7.080026,0.998502,0.054712,1
8.951986,7.080586,0.998531,0.054178,1
8.961916,7.081147,0.998560,0.053644,1
8.971847,7.081707,0.998589,0.053110,1
8.981778,7.082267,0.998617,0.052576,1
8.991709,7.082827,0.998645,0.052042,1
9.001639,7.083388,0.998673,0.051508,1
9.011570,7.083948,0.998700,0.050973,1
9.021487,7.084454,0.998736,0.050273,1
9.031404,7.084961,0.998771,0.049573,1
9.041321,7.085467,0.998805,0.048872,1
9.051238,7.085973,0.998839,0.048172,1
9.061155,7.086480,0.998873,0.047471,1
9.071072,7.086986,0.998906,0.046771,1
9.080989,7.087493,0.998938,0.046070,1
9.090906,7.087999,0.998970,0.045370,1
9.100823,7.088506,0.999002,0.044669,1
9.110740,7.089012,0.999033,0.043968,1
9.120638,7.089448,0.999073,0.043049,1
9.130536,7.089884,0.999112,0.042130,1
9.140435,7.090320,0.999150,0.041210,1
9.150333,7.090756,0.999188,0.040291,1
9.160232,7.091192,0.999225,0.039372,1
9.170130,7.091628,0.999260,0.038452,1
9.180028,7.092064,0.999295,0.037533,1
9.189927,7.092500,0.999330,0.036613,1
9.199825,7.092936,0.999363,0.035693,1
9.209723,7.093373,0.999395,0.034774,1
9.219597,7.093717,0.999436,0.033566,1
9.229470,7.094061,0.999476,0.032359,1
9.239343,7.094405,0.999515,0.031151,1
9.249216,7.094750,0.999552,0.029943,1
9.259089,7.095094,0.999587,0.028735,1
9.268962,7.095438,0.999621,0.027527,1
9.278836,7.095782,0.999654,0.026320,1
9.288709,7.096127,0.999685,0.025112,1
9.298582,7.096471,0.999714,0.023904,1
9.308455,7.096815,0.999742,0.022696,1
9.318294,7.097040,0.999777,0.021109,1
9.328133,7.097264,0.999809,0.019521,1
9.337971,7.097489,0.999839,0.017934,1
9.347810,7.097714,0.999866,0.016346,1
9.357649,7.097938,0.999891,0.014759,-1
9.367487,7.098163,0.999913,0.013171,-1
9.377326,7.098388,0.999933,0.011584,-1
9.387165,7.098612,0.999950,0.009996,-1
9.397003,7.098837,0.999965,0.008409,-1
9.406842,7.099061,0.999977,0.006821,-1
9.416633,7.099130,0.999989,0.004734,-1
9.426424,7.099199,0.999996,0.002646,-1
9.436215,7.099268,1.000000,0.000559,-1
9.446006,7.099337,0.999999,-0.001529,-1
9.455797,7.099406,0.999993,-0.003616,-1
9.465588,7.099475,0.999984,-0.005704,-1
9.475379,7.099544,0.999970,-0.007791,-1
9.485170,7.099613,0.999951,-0.009879,-1
9.494961,7.099682,0.999928,-0.011966,-1
9.504752,7.099751,0.999901,-0.014053,-1
9.514477,7.099618,0.999859,-0.016799,-1
9.524201,7.099485,0.999809,-0.019544,-1
9.533926,7.099352,0.999752,-0.022290,-1
9.543650,7.099219,0.999687,-0.025035,-1
9.553375,7.099086,0.999614,-0.027781,-1
9.563099,7.098954,0.999534,-0.030526,-1
9.572824,7.098821,0.999446,-0.033271,-1
9.582548,7.098688,0.999351,-0.036015,-1
9.592273,7.098555,0.999249,-0.038760,-1
9.601997,7.098422,0.999138,-0.041503,-1
9.611628,7.098028,0.998982,-0.045114,-1
9.621258,7.097635,0.998812,-0.048725,-1
9.630889,7.097241,0.998630,-0.052335,-1
9.640520,7.096848,0.998434,-0.055945,-1
9.650150,7.096454,0.998225,-0.059554,-1
9.659781,7.096061,0.998003,-0.063162,-1
9.669411,7.095667,0.997768,-0.066770,-1
9.679042,7.095274,0.997521,-0.070376,-1
9.688672,7.094880,0.997260,-0.073981,-1
9.698303,7.094487,0.996986,-0.077585,-1
9.707799,7.093759,0.996605,-0.082329,-1
9.717296,7.093032,0.996202,-0.087072,-1
9.726792,7.092304,0.995776,-0.091814,-1
9.736288,7.091576,0.995328,-0.096554,-1
9.745784,7.090849,0.994857,-0.101292,-1
9.755281,7.090121,0.994363,-0.106028,-1
9.764777,7.089393,0.993847,-0.110761,-1
9.774273,7.088666,0.993309,-0.115491,-1
9.783770,7.087938,0.992747,-0.120218,-1
9.793266,7.087211,0.992164,-0.124942,-1
9.802568,7.086059,0.991361,-0.131160,-1
9.811870,7.084907,0.990519,-0.137375,-1
9.821172,7.083756,0.989638,-0.143586,-1
9.830474,7.082604,0.988718,-0.149792,-1
9.839777,7.081453,0.987758,-0.155993,-1
9.849079,7.080301,0.986760,-0.162187,-1
9.858381,7.079150,0.985723,-0.168375,-1
9.867683,7.077998,0.984647,-0.174556,-1
9.876985,7.076846,0.983533,-0.180727,-1
9.886287,7.075695,0.982381,-0.186890,-1
9.895306,7.074014,0.980803,-0.195000,-1
9.904325,7.072333,0.979158,-0.203101,-1
9.913344,7.070652,0.977445,-0.211191,-1
9.922363,7.068971,0.975664,-0.219269,-1
9.931382,7.067290,0.973817,-0.227334,-1
9.940400,7.065609,0.971903,-0.235382,-1
9.949419,7.063928,0.969923,-0.243414,-1
9.958438,7.062247,0.967876,-0.251426,-1
9.967457,7.060566,0.965765,-0.259418,-1
9.976476,7.058885,0.963589,-0.267388,-1
9.985079,7.056559,0.960620,-0.277865,-1
9.993682,7.054234,0.957535,-0.288318,-1
10.002285,7.051908,0.954333,-0.298744,-1
10.010888,7.049582,0.951016,-0.309140,-1
10.019491,7.047257,0.947586,-0.319502,-1
10.028094,7.044931,0.944042,-0.329825,-1
10.036697,7.042605,0.940387,-0.340107,-1
10.045301,7.040280,0.936621,-0.350343,-1
10.053904,7.037954,0.932747,-0.360531,-1
10.062507,7.035628,0.928766,-0.370666,-1
10.070501,7.032549,0.923351,-0.383956,-1
10.078495,7.029470,0.917737,-0.397190,-1
10.086490,7.026391,0.911925,-0.410357,-1
10.094484,7.023311,0.905919,-0.423451,-1
10.102478,7.020232,0.899723,-0.436462,-1
10.110473,7.017153,0.893340,-0.449382,-1
10.118467,7.014074,0.886774,-0.462204,-1
10.126461,7.010994,0.880030,-0.474919,-1
10.134456,7.007915,0.873112,-0.487520,-1
10.142450,7.004836,0.866025,-0.500000,-1
10.149682,7.000836,0.857200,-0.514983,-1
10.156915,6.996835,0.848093,-0.529847,-1
10.164147,6.992835,0.838711,-0.544576,-1
10.171380,6.988835,0.829061,-0.559158,-1
10.178612,6.984835,0.819152,-0.573576,-1
10.185844,6.980835,0.808992,-0.587820,-1
10.193077,6.976835,0.798591,-0.601875,-1
10.200309,6.972834,0.787958,-0.615729,-1
10.207541,6.968834,0.777106,-0.629370,-1
10.214774,6.964834,0.766044,-0.642788,-1
10.221202,6.959639,0.754751,-0.656011,-1
10.227630,6.954443,0.743202,-0.669067,-1
10.234057,6.949248,0.731405,-0.681944,-1
10.240485,6.944053,0.719369,-0.694628,-1
10.246913,6.938857,0.707107,-0.707107,-1
10.253341,6.933662,0.694628,-0.719369,-1
10.259769,6.928467,0.681944,-0.731405,-1
10.266197,6.923271,0.669067,-0.743202,-1
10.272625,6.918076,0.656011,-0.754751,-1
10.279053,6.912881,0.642788,-0.766044,-1
10.284481,6.906648,0.629370,-0.777106,-1
10.289909,6.900416,0.615729,-0.787958,-1
10.295337,6.894183,0.601875,-0.798591,-1
10.300765,6.887951,0.587820,-0.808992,-1
10.306193,6.881718,0.573576,-0.819152,-1
10.311621,6.875485,0.559158,-0.829061,-1
10.317049,6.869253,0.544576,-0.838711,-1
10.322477,6.863020,0.529847,-0.848093,-1
10.327905,6.856788,0.514983,-0.857200,-1
10.333333,6.850555,0.500000,-0.866025,-1
10.337597,6.843475,0.484865,-0.874589,-1
10.341860,6.836394,0.469547,-0.882908,-1
10.346123,6.829314,0.454057,-0.890973,-1
10.350387,6.822233,0.438409,-0.898775,-1
10.354650,6.815153,0.422618,-0.906308,-1
10.358913,6.808072,0.406698,-0.913563,-1
10.363177,6.800992,0.390662,-0.920534,-1
10.367440,6.793912,0.374528,-0.927216,-1
10.371703,6.786831,0.358308,-0.933603,-1
10.375967,6.779751,0.342020,-0.939693,-1
10.378936,6.772037,0.325628,-0.945498,-1
10.381905,6.764324,0.309098,-0.951030,-1
10.384874,6.756611,0.292443,-0.956283,-1
10.387843,6.748898,0.275678,-0.961250,-1
10.390812,6.741185,0.258819,-0.965926,-1
10.393781,6.733471,0.241881,-0.970306,-1
10.396750,6.725758,0.224878,-0.974387,-1
10.399719,6.718045,0.207828,-0.978165,-1
10.402688,6.710332,0.190746,-0.981639,-1
10.405657,6.702619,0.173648,-0.984808,-1
10.407242,6.694507,0.156497,-0.987678,-1
10.408826,6.686395,0.139257,-0.990256,-1
10.410411,6.678284,0.121943,-0.992537,-1
10.411995,6.670172,0.104571,-0.994517,-1
10.413580,6.662061,0.087156,-0.996195,-1
10.415164,6.653949,0.069714,-0.997567,-1
10.416749,6.645837,0.052261,-0.998633,-1
10.418333,6.637726,0.034814,-0.999394,-1
10.419918,6.629614,0.017389,-0.999849,-1
10.421503,6.621503,-0.000000,-1.000000,-1
10.421655,6.613239,-0.017389,-0.999849,-1
10.421806,6.604976,-0.034814,-0.999394,-1
10.421958,6.596712,-0.052261,-0.998633,-1
10.422110,6.588449,-0.069714,-0.997567,-1
10.422262,6.580185,-0.087156,-0.996195,-1
10.422414,6.571922,-0.104571,-0.994517,-1
10.422566,6.563658,-0.121943,-0.992537,-1
10.422718,6.555394,-0.139257,-0.990256,-1
10.422870,6.547131,-0.156497,-0.987678,-1
10.423022,6.538867,-0.173648,-0.984808,-1
10.421737,6.530703,-0.190746,-0.981639,-1
10.420451,6.522539,-0.207828,-0.978165,-1
10.419166,6.514374,-0.224878,-0.974387,-1
10.417881,6.506210,-0.241881,-0.970306,-1
10.416595,6.498046,-0.258819,-0.965926,-1
10.415310,6.489881,-0.275678,-0.961250,-1
10.414025,6.481717,-0.292443,-0.956283,-1
10.412739,6.473553,-0.309098,-0.951030,-1
10.411454,6.465388,-0.325628,-0.945498,-1
10.410169,6.457224,-0.342020,-0.939693,-1
10.407485,6.449407,-0.358308,-0.933603,-1
10.404801,6.441590,-0.374528,-0.927216,-1
10.402118,6.433772,-0.390662,-0.920534,-1
10.399434,6.425955,-0.406698,-0.913563,-1
10.396751,6.418138,-0.422618,-0.906308,-1
10.394067,6.410321,-0.438409,-0.898775,-1
10.391384,6.402504,-0.454057,-0.890973,-1
10.388700,6.394687,-0.469547,-0.882908,-1
10.386017,6.386870,-0.484865,-0.874589,-1
10.383333,6.379053,-0.500000,-0.866025,-1
10.379333,6.371820,-0.514983,-0.857200,-1
10.375333,6.364588,-0.529847,-0.848093,-1
10.371333,6.357355,-0.544576,-0.838711,-1
10.367332,6.350123,-0.559158,-0.829061,-1
10.363332,6.342891,-0.573576,-0.819152,-1
10.359332,6.335658,-0.587820,-0.808992,-1
10.355332,6.328426,-0.601875,-0.798591,-1
10.351332,6.321194,-0.615729,-0.787958,-1
10.347332,6.313961,-0.629370,-0.777106,-1
10.343331,6.306729,-0.642788,-0.766044,-1
10.338136,6.300301,-0.656011,-0.754751,-1
10.332941,6.293873,-0.669067,-0.743202,-1
10.327745,6.287445,-0.681944,-0.731405,-1
10.322550,6.281017,-0.694628,-0.719369,-1
10.317355,6.274589,-0.707107,-0.707107,-1
10.312159,6.268162,-0.719369,-0.694628,-1
10.306964,6.261734,-0.731405,-0.681944,-1
10.301769,6.255306,-0.743202,-0.669067,-1
10.296574,6.248878,-0.754751,-0.656011,-1
10.291378,6.242450,-0.766044,-0.642788,-1
10.285146,6.237022,-0.777106,-0.629370,-1
10.278913,6.231594,-0.787958,-0.615729,-1
10.272681,6.226166,-0.798591,-0.601875,-1
10.266448,6.220738,-0.808992,-0.587820,-1
10.260215,6.215310,-0.819152,-0.573576,-1
10.253983,6.209882,-0.829061,-0.559158,-1
10.247750,6.204454,-0.838711,-0.544576,-1
10.241518,6.199026,-0.848093,-0.529847,-1
10.235285,6.193597,-0.857200,-0.514983,-1
10.229053,6.188169,-0.866025,-0.500000,-1
10.221972,6.183906,-0.874589,-0.484865,-1
10.214892,6.179643,-0.882908,-0.469547,-1
10.207811,6.175379,-0.890973,-0.454057,-1
10.200731,6.171116,-0.898775,-0.438409,-1
10.193650,6.166853,-0.906308,-0.422618,-1
10.186570,6.162589,-0.913563,-0.406698,-1
10.179489,6.158326,-0.920534,-0.390662,-1
10.172409,6.154063,-0.927216,-0.374528,-1
10.165328,6.149799,-0.933603,-0.358308,-1
10.158248,6.145536,-0.939693,-0.342020,-1
10.150535,6.142567,-0.945498,-0.325628,-1
10.142822,6.139598,-0.951030,-0.309098,-1
10.135108,6.136629,-0.956283,-0.292443,-1
10.127395,6.133660,-0.961250,-0.275678,-1
10.119682,6.130691,-0.965926,-0.258819,-1
10.111969,6.127722,-0.970306,-0.241881,-1
10.104256,6.124753,-0.974387,-0.224878,-1
10.096542,6.121784,-0.978165,-0.207828,-1
10.088829,6.118815,-0.981639,-0.190746,-1
10.081116,6.115846,-0.984808,-0.173648,-1
10.073004,6.114261,-0.987678,-0.156497,-1
10.064893,6.112676,-0.990256,-0.139257,-1
10.056781,6.111092,-0.992537,-0.121943,-1
10.048670,6.109507,-0.994517,-0.104571,-1
10.040558,6.107923,-0.996195,-0.087156,-1
10.032446,6.106338,-0.997567,-0.069714,-1
10.024335,6.104754,-0.998633,-0.052261,-1
10.016223,6.103169,-0.999394,-0.034814,-1
10.008112,6.101585,-0.999849,-0.017389,-1
